-- MySQL dump 10.13  Distrib 8.0.43, for Win64 (x86_64)
--
-- Host: localhost    Database: smart_parking_database_1
-- ------------------------------------------------------
-- Server version	8.0.43

/*!40101 SET @OLD_CHARACTER_SET_CLIENT=@@CHARACTER_SET_CLIENT */;
/*!40101 SET @OLD_CHARACTER_SET_RESULTS=@@CHARACTER_SET_RESULTS */;
/*!40101 SET @OLD_COLLATION_CONNECTION=@@COLLATION_CONNECTION */;
/*!50503 SET NAMES utf8mb4 */;
/*!40103 SET @OLD_TIME_ZONE=@@TIME_ZONE */;
/*!40103 SET TIME_ZONE='+00:00' */;
/*!40014 SET @OLD_UNIQUE_CHECKS=@@UNIQUE_CHECKS, UNIQUE_CHECKS=0 */;
/*!40014 SET @OLD_FOREIGN_KEY_CHECKS=@@FOREIGN_KEY_CHECKS, FOREIGN_KEY_CHECKS=0 */;
/*!40101 SET @OLD_SQL_MODE=@@SQL_MODE, SQL_MODE='NO_AUTO_VALUE_ON_ZERO' */;
/*!40111 SET @OLD_SQL_NOTES=@@SQL_NOTES, SQL_NOTES=0 */;

--
-- Table structure for table `parking_lots`
--

DROP TABLE IF EXISTS `parking_lots`;
/*!40101 SET @saved_cs_client     = @@character_set_client */;
/*!50503 SET character_set_client = utf8mb4 */;
CREATE TABLE `parking_lots` (
  `lot_id` int NOT NULL AUTO_INCREMENT,
  `lot_name` varchar(100) DEFAULT NULL,
  `location` varchar(100) DEFAULT NULL,
  `total_spots` int DEFAULT NULL,
  `available_spots` int DEFAULT NULL,
  `hourly_rate` decimal(10,2) DEFAULT NULL,
  `status` enum('open','closed') DEFAULT 'open',
  PRIMARY KEY (`lot_id`)
) ENGINE=InnoDB AUTO_INCREMENT=31 DEFAULT CHARSET=utf8mb4 COLLATE=utf8mb4_0900_ai_ci;
/*!40101 SET character_set_client = @saved_cs_client */;

--
-- Dumping data for table `parking_lots`
--

LOCK TABLES `parking_lots` WRITE;
/*!40000 ALTER TABLE `parking_lots` DISABLE KEYS */;
INSERT INTO `parking_lots` VALUES (1,'Central Park Lot','Downtown',50,35,30.00,'open'),(2,'Mall Basement Lot','City Center',100,85,25.00,'open'),(3,'Airport Lot A','Airport Road',120,60,40.00,'open'),(4,'Airport Lot B','Airport Road',80,40,35.00,'open'),(5,'Stadium Lot 1','Sports Complex',150,110,20.00,'open'),(6,'Stadium Lot 2','Sports Complex',100,80,20.00,'open'),(7,'Tech Park Lot 1','Electronics City',60,45,25.00,'open'),(8,'Tech Park Lot 2','Electronics City',75,70,25.00,'open'),(9,'College Lot 1','Campus North',40,25,15.00,'open'),(10,'College Lot 2','Campus South',55,48,15.00,'open'),(11,'Railway Lot 1','Main Station',90,60,30.00,'open'),(12,'Railway Lot 2','Main Station',70,50,30.00,'open'),(13,'Hospital Lot A','City Hospital',80,60,20.00,'open'),(14,'Hospital Lot B','General Hospital',60,40,20.00,'open'),(15,'Mall Rooftop Lot','Mega Mall',90,75,25.00,'open'),(16,'Market Lot','Old Town',40,20,10.00,'open'),(17,'Bus Station Lot','City Center',100,70,20.00,'open'),(18,'Hotel Plaza Lot','Central Avenue',30,28,50.00,'open'),(19,'Museum Lot','Cultural District',35,15,25.00,'open'),(20,'Temple Lot','North End',45,43,10.00,'open'),(21,'Church Lot','Old City',25,20,10.00,'open'),(22,'Library Lot','Central District',20,18,15.00,'open'),(23,'Cinema Lot','Entertainment Ave',80,50,25.00,'open'),(24,'Garden Lot','Green Park',60,40,15.00,'open'),(25,'Community Center Lot','Westside',40,25,15.00,'open'),(26,'Beachfront Lot','Coastal Road',70,60,30.00,'open'),(27,'Convention Lot','Expo Center',120,100,40.00,'open'),(28,'Industrial Lot','Warehouse Zone',80,50,20.00,'open'),(29,'Police HQ Lot','Civic Center',35,25,15.00,'open'),(30,'Fire Station Lot','South District',25,20,10.00,'open');
/*!40000 ALTER TABLE `parking_lots` ENABLE KEYS */;
UNLOCK TABLES;

--
-- Table structure for table `parking_spots`
--

DROP TABLE IF EXISTS `parking_spots`;
/*!40101 SET @saved_cs_client     = @@character_set_client */;
/*!50503 SET character_set_client = utf8mb4 */;
CREATE TABLE `parking_spots` (
  `spot_id` int NOT NULL AUTO_INCREMENT,
  `lot_id` int DEFAULT NULL,
  `spot_number` int DEFAULT NULL,
  `is_occupied` tinyint(1) DEFAULT '0',
  PRIMARY KEY (`spot_id`),
  KEY `lot_id` (`lot_id`),
  CONSTRAINT `parking_spots_ibfk_1` FOREIGN KEY (`lot_id`) REFERENCES `parking_lots` (`lot_id`)
) ENGINE=InnoDB AUTO_INCREMENT=2026 DEFAULT CHARSET=utf8mb4 COLLATE=utf8mb4_0900_ai_ci;
/*!40101 SET character_set_client = @saved_cs_client */;

--
-- Dumping data for table `parking_spots`
--

LOCK TABLES `parking_spots` WRITE;
/*!40000 ALTER TABLE `parking_spots` DISABLE KEYS */;
INSERT INTO `parking_spots` VALUES (1,1,1,1),(2,1,2,1),(3,1,3,1),(4,1,4,1),(5,1,5,1),(6,1,6,1),(7,1,7,1),(8,1,8,1),(9,1,9,1),(10,1,10,1),(11,1,11,1),(12,1,12,1),(13,1,13,1),(14,1,14,1),(15,1,15,1),(16,1,16,0),(17,1,17,0),(18,1,18,0),(19,1,19,0),(20,1,20,0),(21,1,21,0),(22,1,22,0),(23,1,23,0),(24,1,24,0),(25,1,25,0),(26,1,26,0),(27,1,27,0),(28,1,28,0),(29,1,29,0),(30,1,30,0),(31,1,31,0),(32,1,32,0),(33,1,33,0),(34,1,34,0),(35,1,35,0),(36,1,36,0),(37,1,37,0),(38,1,38,0),(39,1,39,0),(40,1,40,0),(41,1,41,0),(42,1,42,0),(43,1,43,0),(44,1,44,0),(45,1,45,0),(46,1,46,0),(47,1,47,0),(48,1,48,0),(49,1,49,0),(50,1,50,0),(51,2,1,1),(52,2,2,1),(53,2,3,1),(54,2,4,1),(55,2,5,1),(56,2,6,1),(57,2,7,1),(58,2,8,1),(59,2,9,1),(60,2,10,1),(61,2,11,1),(62,2,12,1),(63,2,13,1),(64,2,14,1),(65,2,15,1),(66,2,16,0),(67,2,17,0),(68,2,18,0),(69,2,19,0),(70,2,20,0),(71,2,21,0),(72,2,22,0),(73,2,23,0),(74,2,24,0),(75,2,25,0),(76,2,26,0),(77,2,27,0),(78,2,28,0),(79,2,29,0),(80,2,30,0),(81,2,31,0),(82,2,32,0),(83,2,33,0),(84,2,34,0),(85,2,35,0),(86,2,36,0),(87,2,37,0),(88,2,38,0),(89,2,39,0),(90,2,40,0),(91,2,41,0),(92,2,42,0),(93,2,43,0),(94,2,44,0),(95,2,45,0),(96,2,46,0),(97,2,47,0),(98,2,48,0),(99,2,49,0),(100,2,50,0),(101,2,51,0),(102,2,52,0),(103,2,53,0),(104,2,54,0),(105,2,55,0),(106,2,56,0),(107,2,57,0),(108,2,58,0),(109,2,59,0),(110,2,60,0),(111,2,61,0),(112,2,62,0),(113,2,63,0),(114,2,64,0),(115,2,65,0),(116,2,66,0),(117,2,67,0),(118,2,68,0),(119,2,69,0),(120,2,70,0),(121,2,71,0),(122,2,72,0),(123,2,73,0),(124,2,74,0),(125,2,75,0),(126,2,76,0),(127,2,77,0),(128,2,78,0),(129,2,79,0),(130,2,80,0),(131,2,81,0),(132,2,82,0),(133,2,83,0),(134,2,84,0),(135,2,85,0),(136,2,86,0),(137,2,87,0),(138,2,88,0),(139,2,89,0),(140,2,90,0),(141,2,91,0),(142,2,92,0),(143,2,93,0),(144,2,94,0),(145,2,95,0),(146,2,96,0),(147,2,97,0),(148,2,98,0),(149,2,99,0),(150,2,100,0),(151,3,1,1),(152,3,2,1),(153,3,3,1),(154,3,4,1),(155,3,5,1),(156,3,6,1),(157,3,7,1),(158,3,8,1),(159,3,9,1),(160,3,10,1),(161,3,11,1),(162,3,12,1),(163,3,13,1),(164,3,14,1),(165,3,15,1),(166,3,16,1),(167,3,17,1),(168,3,18,1),(169,3,19,1),(170,3,20,1),(171,3,21,1),(172,3,22,1),(173,3,23,1),(174,3,24,1),(175,3,25,1),(176,3,26,1),(177,3,27,1),(178,3,28,1),(179,3,29,1),(180,3,30,1),(181,3,31,1),(182,3,32,1),(183,3,33,1),(184,3,34,1),(185,3,35,1),(186,3,36,1),(187,3,37,1),(188,3,38,1),(189,3,39,1),(190,3,40,1),(191,3,41,1),(192,3,42,1),(193,3,43,1),(194,3,44,1),(195,3,45,1),(196,3,46,1),(197,3,47,1),(198,3,48,1),(199,3,49,1),(200,3,50,1),(201,3,51,1),(202,3,52,1),(203,3,53,1),(204,3,54,1),(205,3,55,1),(206,3,56,1),(207,3,57,1),(208,3,58,1),(209,3,59,1),(210,3,60,1),(211,3,61,0),(212,3,62,0),(213,3,63,0),(214,3,64,0),(215,3,65,0),(216,3,66,0),(217,3,67,0),(218,3,68,0),(219,3,69,0),(220,3,70,0),(221,3,71,0),(222,3,72,0),(223,3,73,0),(224,3,74,0),(225,3,75,0),(226,3,76,0),(227,3,77,0),(228,3,78,0),(229,3,79,0),(230,3,80,0),(231,3,81,0),(232,3,82,0),(233,3,83,0),(234,3,84,0),(235,3,85,0),(236,3,86,0),(237,3,87,0),(238,3,88,0),(239,3,89,0),(240,3,90,0),(241,3,91,0),(242,3,92,0),(243,3,93,0),(244,3,94,0),(245,3,95,0),(246,3,96,0),(247,3,97,0),(248,3,98,0),(249,3,99,0),(250,3,100,0),(251,3,101,0),(252,3,102,0),(253,3,103,0),(254,3,104,0),(255,3,105,0),(256,3,106,0),(257,3,107,0),(258,3,108,0),(259,3,109,0),(260,3,110,0),(261,3,111,0),(262,3,112,0),(263,3,113,0),(264,3,114,0),(265,3,115,0),(266,3,116,0),(267,3,117,0),(268,3,118,0),(269,3,119,0),(270,3,120,0),(271,4,1,1),(272,4,2,1),(273,4,3,1),(274,4,4,1),(275,4,5,1),(276,4,6,1),(277,4,7,1),(278,4,8,1),(279,4,9,1),(280,4,10,1),(281,4,11,1),(282,4,12,1),(283,4,13,1),(284,4,14,1),(285,4,15,1),(286,4,16,1),(287,4,17,1),(288,4,18,1),(289,4,19,1),(290,4,20,1),(291,4,21,1),(292,4,22,1),(293,4,23,1),(294,4,24,1),(295,4,25,1),(296,4,26,1),(297,4,27,1),(298,4,28,1),(299,4,29,1),(300,4,30,1),(301,4,31,1),(302,4,32,1),(303,4,33,1),(304,4,34,1),(305,4,35,1),(306,4,36,1),(307,4,37,1),(308,4,38,1),(309,4,39,1),(310,4,40,1),(311,4,41,0),(312,4,42,0),(313,4,43,0),(314,4,44,0),(315,4,45,0),(316,4,46,0),(317,4,47,0),(318,4,48,0),(319,4,49,0),(320,4,50,0),(321,4,51,0),(322,4,52,0),(323,4,53,0),(324,4,54,0),(325,4,55,0),(326,4,56,0),(327,4,57,0),(328,4,58,0),(329,4,59,0),(330,4,60,0),(331,4,61,0),(332,4,62,0),(333,4,63,0),(334,4,64,0),(335,4,65,0),(336,4,66,0),(337,4,67,0),(338,4,68,0),(339,4,69,0),(340,4,70,0),(341,4,71,0),(342,4,72,0),(343,4,73,0),(344,4,74,0),(345,4,75,0),(346,4,76,0),(347,4,77,0),(348,4,78,0),(349,4,79,0),(350,4,80,0),(351,5,1,1),(352,5,2,1),(353,5,3,1),(354,5,4,1),(355,5,5,1),(356,5,6,1),(357,5,7,1),(358,5,8,1),(359,5,9,1),(360,5,10,1),(361,5,11,1),(362,5,12,1),(363,5,13,1),(364,5,14,1),(365,5,15,1),(366,5,16,1),(367,5,17,1),(368,5,18,1),(369,5,19,1),(370,5,20,1),(371,5,21,1),(372,5,22,1),(373,5,23,1),(374,5,24,1),(375,5,25,1),(376,5,26,1),(377,5,27,1),(378,5,28,1),(379,5,29,1),(380,5,30,1),(381,5,31,1),(382,5,32,1),(383,5,33,1),(384,5,34,1),(385,5,35,1),(386,5,36,1),(387,5,37,1),(388,5,38,1),(389,5,39,1),(390,5,40,1),(391,5,41,0),(392,5,42,0),(393,5,43,0),(394,5,44,0),(395,5,45,0),(396,5,46,0),(397,5,47,0),(398,5,48,0),(399,5,49,0),(400,5,50,0),(401,5,51,0),(402,5,52,0),(403,5,53,0),(404,5,54,0),(405,5,55,0),(406,5,56,0),(407,5,57,0),(408,5,58,0),(409,5,59,0),(410,5,60,0),(411,5,61,0),(412,5,62,0),(413,5,63,0),(414,5,64,0),(415,5,65,0),(416,5,66,0),(417,5,67,0),(418,5,68,0),(419,5,69,0),(420,5,70,0),(421,5,71,0),(422,5,72,0),(423,5,73,0),(424,5,74,0),(425,5,75,0),(426,5,76,0),(427,5,77,0),(428,5,78,0),(429,5,79,0),(430,5,80,0),(431,5,81,0),(432,5,82,0),(433,5,83,0),(434,5,84,0),(435,5,85,0),(436,5,86,0),(437,5,87,0),(438,5,88,0),(439,5,89,0),(440,5,90,0),(441,5,91,0),(442,5,92,0),(443,5,93,0),(444,5,94,0),(445,5,95,0),(446,5,96,0),(447,5,97,0),(448,5,98,0),(449,5,99,0),(450,5,100,0),(451,5,101,0),(452,5,102,0),(453,5,103,0),(454,5,104,0),(455,5,105,0),(456,5,106,0),(457,5,107,0),(458,5,108,0),(459,5,109,0),(460,5,110,0),(461,5,111,0),(462,5,112,0),(463,5,113,0),(464,5,114,0),(465,5,115,0),(466,5,116,0),(467,5,117,0),(468,5,118,0),(469,5,119,0),(470,5,120,0),(471,5,121,0),(472,5,122,0),(473,5,123,0),(474,5,124,0),(475,5,125,0),(476,5,126,0),(477,5,127,0),(478,5,128,0),(479,5,129,0),(480,5,130,0),(481,5,131,0),(482,5,132,0),(483,5,133,0),(484,5,134,0),(485,5,135,0),(486,5,136,0),(487,5,137,0),(488,5,138,0),(489,5,139,0),(490,5,140,0),(491,5,141,0),(492,5,142,0),(493,5,143,0),(494,5,144,0),(495,5,145,0),(496,5,146,0),(497,5,147,0),(498,5,148,0),(499,5,149,0),(500,5,150,0),(501,6,1,1),(502,6,2,1),(503,6,3,1),(504,6,4,1),(505,6,5,1),(506,6,6,1),(507,6,7,1),(508,6,8,1),(509,6,9,1),(510,6,10,1),(511,6,11,1),(512,6,12,1),(513,6,13,1),(514,6,14,1),(515,6,15,1),(516,6,16,1),(517,6,17,1),(518,6,18,1),(519,6,19,1),(520,6,20,1),(521,6,21,0),(522,6,22,0),(523,6,23,0),(524,6,24,0),(525,6,25,0),(526,6,26,0),(527,6,27,0),(528,6,28,0),(529,6,29,0),(530,6,30,0),(531,6,31,0),(532,6,32,0),(533,6,33,0),(534,6,34,0),(535,6,35,0),(536,6,36,0),(537,6,37,0),(538,6,38,0),(539,6,39,0),(540,6,40,0),(541,6,41,0),(542,6,42,0),(543,6,43,0),(544,6,44,0),(545,6,45,0),(546,6,46,0),(547,6,47,0),(548,6,48,0),(549,6,49,0),(550,6,50,0),(551,6,51,0),(552,6,52,0),(553,6,53,0),(554,6,54,0),(555,6,55,0),(556,6,56,0),(557,6,57,0),(558,6,58,0),(559,6,59,0),(560,6,60,0),(561,6,61,0),(562,6,62,0),(563,6,63,0),(564,6,64,0),(565,6,65,0),(566,6,66,0),(567,6,67,0),(568,6,68,0),(569,6,69,0),(570,6,70,0),(571,6,71,0),(572,6,72,0),(573,6,73,0),(574,6,74,0),(575,6,75,0),(576,6,76,0),(577,6,77,0),(578,6,78,0),(579,6,79,0),(580,6,80,0),(581,6,81,0),(582,6,82,0),(583,6,83,0),(584,6,84,0),(585,6,85,0),(586,6,86,0),(587,6,87,0),(588,6,88,0),(589,6,89,0),(590,6,90,0),(591,6,91,0),(592,6,92,0),(593,6,93,0),(594,6,94,0),(595,6,95,0),(596,6,96,0),(597,6,97,0),(598,6,98,0),(599,6,99,0),(600,6,100,0),(601,7,1,1),(602,7,2,1),(603,7,3,1),(604,7,4,1),(605,7,5,1),(606,7,6,1),(607,7,7,1),(608,7,8,1),(609,7,9,1),(610,7,10,1),(611,7,11,1),(612,7,12,1),(613,7,13,1),(614,7,14,1),(615,7,15,1),(616,7,16,0),(617,7,17,0),(618,7,18,0),(619,7,19,0),(620,7,20,0),(621,7,21,0),(622,7,22,0),(623,7,23,0),(624,7,24,0),(625,7,25,0),(626,7,26,0),(627,7,27,0),(628,7,28,0),(629,7,29,0),(630,7,30,0),(631,7,31,0),(632,7,32,0),(633,7,33,0),(634,7,34,0),(635,7,35,0),(636,7,36,0),(637,7,37,0),(638,7,38,0),(639,7,39,0),(640,7,40,0),(641,7,41,0),(642,7,42,0),(643,7,43,0),(644,7,44,0),(645,7,45,0),(646,7,46,0),(647,7,47,0),(648,7,48,0),(649,7,49,0),(650,7,50,0),(651,7,51,0),(652,7,52,0),(653,7,53,0),(654,7,54,0),(655,7,55,0),(656,7,56,0),(657,7,57,0),(658,7,58,0),(659,7,59,0),(660,7,60,0),(661,8,1,1),(662,8,2,1),(663,8,3,1),(664,8,4,1),(665,8,5,1),(666,8,6,0),(667,8,7,0),(668,8,8,0),(669,8,9,0),(670,8,10,0),(671,8,11,0),(672,8,12,0),(673,8,13,0),(674,8,14,0),(675,8,15,0),(676,8,16,0),(677,8,17,0),(678,8,18,0),(679,8,19,0),(680,8,20,0),(681,8,21,0),(682,8,22,0),(683,8,23,0),(684,8,24,0),(685,8,25,0),(686,8,26,0),(687,8,27,0),(688,8,28,0),(689,8,29,0),(690,8,30,0),(691,8,31,0),(692,8,32,0),(693,8,33,0),(694,8,34,0),(695,8,35,0),(696,8,36,0),(697,8,37,0),(698,8,38,0),(699,8,39,0),(700,8,40,0),(701,8,41,0),(702,8,42,0),(703,8,43,0),(704,8,44,0),(705,8,45,0),(706,8,46,0),(707,8,47,0),(708,8,48,0),(709,8,49,0),(710,8,50,0),(711,8,51,0),(712,8,52,0),(713,8,53,0),(714,8,54,0),(715,8,55,0),(716,8,56,0),(717,8,57,0),(718,8,58,0),(719,8,59,0),(720,8,60,0),(721,8,61,0),(722,8,62,0),(723,8,63,0),(724,8,64,0),(725,8,65,0),(726,8,66,0),(727,8,67,0),(728,8,68,0),(729,8,69,0),(730,8,70,0),(731,8,71,0),(732,8,72,0),(733,8,73,0),(734,8,74,0),(735,8,75,0),(736,9,1,1),(737,9,2,1),(738,9,3,1),(739,9,4,1),(740,9,5,1),(741,9,6,1),(742,9,7,1),(743,9,8,1),(744,9,9,1),(745,9,10,1),(746,9,11,1),(747,9,12,1),(748,9,13,1),(749,9,14,1),(750,9,15,1),(751,9,16,0),(752,9,17,0),(753,9,18,0),(754,9,19,0),(755,9,20,0),(756,9,21,0),(757,9,22,0),(758,9,23,0),(759,9,24,0),(760,9,25,0),(761,9,26,0),(762,9,27,0),(763,9,28,0),(764,9,29,0),(765,9,30,0),(766,9,31,0),(767,9,32,0),(768,9,33,0),(769,9,34,0),(770,9,35,0),(771,9,36,0),(772,9,37,0),(773,9,38,0),(774,9,39,0),(775,9,40,0),(776,10,1,1),(777,10,2,1),(778,10,3,1),(779,10,4,1),(780,10,5,1),(781,10,6,1),(782,10,7,1),(783,10,8,0),(784,10,9,0),(785,10,10,0),(786,10,11,0),(787,10,12,0),(788,10,13,0),(789,10,14,0),(790,10,15,0),(791,10,16,0),(792,10,17,0),(793,10,18,0),(794,10,19,0),(795,10,20,0),(796,10,21,0),(797,10,22,0),(798,10,23,0),(799,10,24,0),(800,10,25,0),(801,10,26,0),(802,10,27,0),(803,10,28,0),(804,10,29,0),(805,10,30,0),(806,10,31,0),(807,10,32,0),(808,10,33,0),(809,10,34,0),(810,10,35,0),(811,10,36,0),(812,10,37,0),(813,10,38,0),(814,10,39,0),(815,10,40,0),(816,10,41,0),(817,10,42,0),(818,10,43,0),(819,10,44,0),(820,10,45,0),(821,10,46,0),(822,10,47,0),(823,10,48,0),(824,10,49,0),(825,10,50,0),(826,10,51,0),(827,10,52,0),(828,10,53,0),(829,10,54,0),(830,10,55,0),(831,11,1,1),(832,11,2,1),(833,11,3,1),(834,11,4,1),(835,11,5,1),(836,11,6,1),(837,11,7,1),(838,11,8,1),(839,11,9,1),(840,11,10,1),(841,11,11,1),(842,11,12,1),(843,11,13,1),(844,11,14,1),(845,11,15,1),(846,11,16,1),(847,11,17,1),(848,11,18,1),(849,11,19,1),(850,11,20,1),(851,11,21,1),(852,11,22,1),(853,11,23,1),(854,11,24,1),(855,11,25,1),(856,11,26,1),(857,11,27,1),(858,11,28,1),(859,11,29,1),(860,11,30,1),(861,11,31,0),(862,11,32,0),(863,11,33,0),(864,11,34,0),(865,11,35,0),(866,11,36,0),(867,11,37,0),(868,11,38,0),(869,11,39,0),(870,11,40,0),(871,11,41,0),(872,11,42,0),(873,11,43,0),(874,11,44,0),(875,11,45,0),(876,11,46,0),(877,11,47,0),(878,11,48,0),(879,11,49,0),(880,11,50,0),(881,11,51,0),(882,11,52,0),(883,11,53,0),(884,11,54,0),(885,11,55,0),(886,11,56,0),(887,11,57,0),(888,11,58,0),(889,11,59,0),(890,11,60,0),(891,11,61,0),(892,11,62,0),(893,11,63,0),(894,11,64,0),(895,11,65,0),(896,11,66,0),(897,11,67,0),(898,11,68,0),(899,11,69,0),(900,11,70,0),(901,11,71,0),(902,11,72,0),(903,11,73,0),(904,11,74,0),(905,11,75,0),(906,11,76,0),(907,11,77,0),(908,11,78,0),(909,11,79,0),(910,11,80,0),(911,11,81,0),(912,11,82,0),(913,11,83,0),(914,11,84,0),(915,11,85,0),(916,11,86,0),(917,11,87,0),(918,11,88,0),(919,11,89,0),(920,11,90,0),(921,12,1,1),(922,12,2,1),(923,12,3,1),(924,12,4,1),(925,12,5,1),(926,12,6,1),(927,12,7,1),(928,12,8,1),(929,12,9,1),(930,12,10,1),(931,12,11,1),(932,12,12,1),(933,12,13,1),(934,12,14,1),(935,12,15,1),(936,12,16,1),(937,12,17,1),(938,12,18,1),(939,12,19,1),(940,12,20,1),(941,12,21,0),(942,12,22,0),(943,12,23,0),(944,12,24,0),(945,12,25,0),(946,12,26,0),(947,12,27,0),(948,12,28,0),(949,12,29,0),(950,12,30,0),(951,12,31,0),(952,12,32,0),(953,12,33,0),(954,12,34,0),(955,12,35,0),(956,12,36,0),(957,12,37,0),(958,12,38,0),(959,12,39,0),(960,12,40,0),(961,12,41,0),(962,12,42,0),(963,12,43,0),(964,12,44,0),(965,12,45,0),(966,12,46,0),(967,12,47,0),(968,12,48,0),(969,12,49,0),(970,12,50,0),(971,12,51,0),(972,12,52,0),(973,12,53,0),(974,12,54,0),(975,12,55,0),(976,12,56,0),(977,12,57,0),(978,12,58,0),(979,12,59,0),(980,12,60,0),(981,12,61,0),(982,12,62,0),(983,12,63,0),(984,12,64,0),(985,12,65,0),(986,12,66,0),(987,12,67,0),(988,12,68,0),(989,12,69,0),(990,12,70,0),(991,13,1,1),(992,13,2,1),(993,13,3,1),(994,13,4,1),(995,13,5,1),(996,13,6,1),(997,13,7,1),(998,13,8,1),(999,13,9,1),(1000,13,10,1),(1001,13,11,1),(1002,13,12,1),(1003,13,13,1),(1004,13,14,1),(1005,13,15,1),(1006,13,16,1),(1007,13,17,1),(1008,13,18,1),(1009,13,19,1),(1010,13,20,1),(1011,13,21,0),(1012,13,22,0),(1013,13,23,0),(1014,13,24,0),(1015,13,25,0),(1016,13,26,0),(1017,13,27,0),(1018,13,28,0),(1019,13,29,0),(1020,13,30,0),(1021,13,31,0),(1022,13,32,0),(1023,13,33,0),(1024,13,34,0),(1025,13,35,0),(1026,13,36,0),(1027,13,37,0),(1028,13,38,0),(1029,13,39,0),(1030,13,40,0),(1031,13,41,0),(1032,13,42,0),(1033,13,43,0),(1034,13,44,0),(1035,13,45,0),(1036,13,46,0),(1037,13,47,0),(1038,13,48,0),(1039,13,49,0),(1040,13,50,0),(1041,13,51,0),(1042,13,52,0),(1043,13,53,0),(1044,13,54,0),(1045,13,55,0),(1046,13,56,0),(1047,13,57,0),(1048,13,58,0),(1049,13,59,0),(1050,13,60,0),(1051,13,61,0),(1052,13,62,0),(1053,13,63,0),(1054,13,64,0),(1055,13,65,0),(1056,13,66,0),(1057,13,67,0),(1058,13,68,0),(1059,13,69,0),(1060,13,70,0),(1061,13,71,0),(1062,13,72,0),(1063,13,73,0),(1064,13,74,0),(1065,13,75,0),(1066,13,76,0),(1067,13,77,0),(1068,13,78,0),(1069,13,79,0),(1070,13,80,0),(1071,14,1,1),(1072,14,2,1),(1073,14,3,1),(1074,14,4,1),(1075,14,5,1),(1076,14,6,1),(1077,14,7,1),(1078,14,8,1),(1079,14,9,1),(1080,14,10,1),(1081,14,11,1),(1082,14,12,1),(1083,14,13,1),(1084,14,14,1),(1085,14,15,1),(1086,14,16,1),(1087,14,17,1),(1088,14,18,1),(1089,14,19,1),(1090,14,20,1),(1091,14,21,0),(1092,14,22,0),(1093,14,23,0),(1094,14,24,0),(1095,14,25,0),(1096,14,26,0),(1097,14,27,0),(1098,14,28,0),(1099,14,29,0),(1100,14,30,0),(1101,14,31,0),(1102,14,32,0),(1103,14,33,0),(1104,14,34,0),(1105,14,35,0),(1106,14,36,0),(1107,14,37,0),(1108,14,38,0),(1109,14,39,0),(1110,14,40,0),(1111,14,41,0),(1112,14,42,0),(1113,14,43,0),(1114,14,44,0),(1115,14,45,0),(1116,14,46,0),(1117,14,47,0),(1118,14,48,0),(1119,14,49,0),(1120,14,50,0),(1121,14,51,0),(1122,14,52,0),(1123,14,53,0),(1124,14,54,0),(1125,14,55,0),(1126,14,56,0),(1127,14,57,0),(1128,14,58,0),(1129,14,59,0),(1130,14,60,0),(1131,15,1,1),(1132,15,2,1),(1133,15,3,1),(1134,15,4,1),(1135,15,5,1),(1136,15,6,1),(1137,15,7,1),(1138,15,8,1),(1139,15,9,1),(1140,15,10,1),(1141,15,11,1),(1142,15,12,1),(1143,15,13,1),(1144,15,14,1),(1145,15,15,1),(1146,15,16,0),(1147,15,17,0),(1148,15,18,0),(1149,15,19,0),(1150,15,20,0),(1151,15,21,0),(1152,15,22,0),(1153,15,23,0),(1154,15,24,0),(1155,15,25,0),(1156,15,26,0),(1157,15,27,0),(1158,15,28,0),(1159,15,29,0),(1160,15,30,0),(1161,15,31,0),(1162,15,32,0),(1163,15,33,0),(1164,15,34,0),(1165,15,35,0),(1166,15,36,0),(1167,15,37,0),(1168,15,38,0),(1169,15,39,0),(1170,15,40,0),(1171,15,41,0),(1172,15,42,0),(1173,15,43,0),(1174,15,44,0),(1175,15,45,0),(1176,15,46,0),(1177,15,47,0),(1178,15,48,0),(1179,15,49,0),(1180,15,50,0),(1181,15,51,0),(1182,15,52,0),(1183,15,53,0),(1184,15,54,0),(1185,15,55,0),(1186,15,56,0),(1187,15,57,0),(1188,15,58,0),(1189,15,59,0),(1190,15,60,0),(1191,15,61,0),(1192,15,62,0),(1193,15,63,0),(1194,15,64,0),(1195,15,65,0),(1196,15,66,0),(1197,15,67,0),(1198,15,68,0),(1199,15,69,0),(1200,15,70,0),(1201,15,71,0),(1202,15,72,0),(1203,15,73,0),(1204,15,74,0),(1205,15,75,0),(1206,15,76,0),(1207,15,77,0),(1208,15,78,0),(1209,15,79,0),(1210,15,80,0),(1211,15,81,0),(1212,15,82,0),(1213,15,83,0),(1214,15,84,0),(1215,15,85,0),(1216,15,86,0),(1217,15,87,0),(1218,15,88,0),(1219,15,89,0),(1220,15,90,0),(1221,16,1,1),(1222,16,2,1),(1223,16,3,1),(1224,16,4,1),(1225,16,5,1),(1226,16,6,1),(1227,16,7,1),(1228,16,8,1),(1229,16,9,1),(1230,16,10,1),(1231,16,11,1),(1232,16,12,1),(1233,16,13,1),(1234,16,14,1),(1235,16,15,1),(1236,16,16,1),(1237,16,17,1),(1238,16,18,1),(1239,16,19,1),(1240,16,20,1),(1241,16,21,0),(1242,16,22,0),(1243,16,23,0),(1244,16,24,0),(1245,16,25,0),(1246,16,26,0),(1247,16,27,0),(1248,16,28,0),(1249,16,29,0),(1250,16,30,0),(1251,16,31,0),(1252,16,32,0),(1253,16,33,0),(1254,16,34,0),(1255,16,35,0),(1256,16,36,0),(1257,16,37,0),(1258,16,38,0),(1259,16,39,0),(1260,16,40,0),(1261,17,1,1),(1262,17,2,1),(1263,17,3,1),(1264,17,4,1),(1265,17,5,1),(1266,17,6,1),(1267,17,7,1),(1268,17,8,1),(1269,17,9,1),(1270,17,10,1),(1271,17,11,1),(1272,17,12,1),(1273,17,13,1),(1274,17,14,1),(1275,17,15,1),(1276,17,16,1),(1277,17,17,1),(1278,17,18,1),(1279,17,19,1),(1280,17,20,1),(1281,17,21,1),(1282,17,22,1),(1283,17,23,1),(1284,17,24,1),(1285,17,25,1),(1286,17,26,1),(1287,17,27,1),(1288,17,28,1),(1289,17,29,1),(1290,17,30,1),(1291,17,31,0),(1292,17,32,0),(1293,17,33,0),(1294,17,34,0),(1295,17,35,0),(1296,17,36,0),(1297,17,37,0),(1298,17,38,0),(1299,17,39,0),(1300,17,40,0),(1301,17,41,0),(1302,17,42,0),(1303,17,43,0),(1304,17,44,0),(1305,17,45,0),(1306,17,46,0),(1307,17,47,0),(1308,17,48,0),(1309,17,49,0),(1310,17,50,0),(1311,17,51,0),(1312,17,52,0),(1313,17,53,0),(1314,17,54,0),(1315,17,55,0),(1316,17,56,0),(1317,17,57,0),(1318,17,58,0),(1319,17,59,0),(1320,17,60,0),(1321,17,61,0),(1322,17,62,0),(1323,17,63,0),(1324,17,64,0),(1325,17,65,0),(1326,17,66,0),(1327,17,67,0),(1328,17,68,0),(1329,17,69,0),(1330,17,70,0),(1331,17,71,0),(1332,17,72,0),(1333,17,73,0),(1334,17,74,0),(1335,17,75,0),(1336,17,76,0),(1337,17,77,0),(1338,17,78,0),(1339,17,79,0),(1340,17,80,0),(1341,17,81,0),(1342,17,82,0),(1343,17,83,0),(1344,17,84,0),(1345,17,85,0),(1346,17,86,0),(1347,17,87,0),(1348,17,88,0),(1349,17,89,0),(1350,17,90,0),(1351,17,91,0),(1352,17,92,0),(1353,17,93,0),(1354,17,94,0),(1355,17,95,0),(1356,17,96,0),(1357,17,97,0),(1358,17,98,0),(1359,17,99,0),(1360,17,100,0),(1361,18,1,1),(1362,18,2,1),(1363,18,3,0),(1364,18,4,0),(1365,18,5,0),(1366,18,6,0),(1367,18,7,0),(1368,18,8,0),(1369,18,9,0),(1370,18,10,0),(1371,18,11,0),(1372,18,12,0),(1373,18,13,0),(1374,18,14,0),(1375,18,15,0),(1376,18,16,0),(1377,18,17,0),(1378,18,18,0),(1379,18,19,0),(1380,18,20,0),(1381,18,21,0),(1382,18,22,0),(1383,18,23,0),(1384,18,24,0),(1385,18,25,0),(1386,18,26,0),(1387,18,27,0),(1388,18,28,0),(1389,18,29,0),(1390,18,30,0),(1391,19,1,1),(1392,19,2,1),(1393,19,3,1),(1394,19,4,1),(1395,19,5,1),(1396,19,6,1),(1397,19,7,1),(1398,19,8,1),(1399,19,9,1),(1400,19,10,1),(1401,19,11,1),(1402,19,12,1),(1403,19,13,1),(1404,19,14,1),(1405,19,15,1),(1406,19,16,1),(1407,19,17,1),(1408,19,18,1),(1409,19,19,1),(1410,19,20,1),(1411,19,21,0),(1412,19,22,0),(1413,19,23,0),(1414,19,24,0),(1415,19,25,0),(1416,19,26,0),(1417,19,27,0),(1418,19,28,0),(1419,19,29,0),(1420,19,30,0),(1421,19,31,0),(1422,19,32,0),(1423,19,33,0),(1424,19,34,0),(1425,19,35,0),(1426,20,1,1),(1427,20,2,1),(1428,20,3,0),(1429,20,4,0),(1430,20,5,0),(1431,20,6,0),(1432,20,7,0),(1433,20,8,0),(1434,20,9,0),(1435,20,10,0),(1436,20,11,0),(1437,20,12,0),(1438,20,13,0),(1439,20,14,0),(1440,20,15,0),(1441,20,16,0),(1442,20,17,0),(1443,20,18,0),(1444,20,19,0),(1445,20,20,0),(1446,20,21,0),(1447,20,22,0),(1448,20,23,0),(1449,20,24,0),(1450,20,25,0),(1451,20,26,0),(1452,20,27,0),(1453,20,28,0),(1454,20,29,0),(1455,20,30,0),(1456,20,31,0),(1457,20,32,0),(1458,20,33,0),(1459,20,34,0),(1460,20,35,0),(1461,20,36,0),(1462,20,37,0),(1463,20,38,0),(1464,20,39,0),(1465,20,40,0),(1466,20,41,0),(1467,20,42,0),(1468,20,43,0),(1469,20,44,0),(1470,20,45,0),(1471,21,1,1),(1472,21,2,1),(1473,21,3,1),(1474,21,4,1),(1475,21,5,1),(1476,21,6,0),(1477,21,7,0),(1478,21,8,0),(1479,21,9,0),(1480,21,10,0),(1481,21,11,0),(1482,21,12,0),(1483,21,13,0),(1484,21,14,0),(1485,21,15,0),(1486,21,16,0),(1487,21,17,0),(1488,21,18,0),(1489,21,19,0),(1490,21,20,0),(1491,21,21,0),(1492,21,22,0),(1493,21,23,0),(1494,21,24,0),(1495,21,25,0),(1496,22,1,1),(1497,22,2,1),(1498,22,3,0),(1499,22,4,0),(1500,22,5,0),(1501,22,6,0),(1502,22,7,0),(1503,22,8,0),(1504,22,9,0),(1505,22,10,0),(1506,22,11,0),(1507,22,12,0),(1508,22,13,0),(1509,22,14,0),(1510,22,15,0),(1511,22,16,0),(1512,22,17,0),(1513,22,18,0),(1514,22,19,0),(1515,22,20,0),(1516,23,1,1),(1517,23,2,1),(1518,23,3,1),(1519,23,4,1),(1520,23,5,1),(1521,23,6,1),(1522,23,7,1),(1523,23,8,1),(1524,23,9,1),(1525,23,10,1),(1526,23,11,1),(1527,23,12,1),(1528,23,13,1),(1529,23,14,1),(1530,23,15,1),(1531,23,16,1),(1532,23,17,1),(1533,23,18,1),(1534,23,19,1),(1535,23,20,1),(1536,23,21,1),(1537,23,22,1),(1538,23,23,1),(1539,23,24,1),(1540,23,25,1),(1541,23,26,1),(1542,23,27,1),(1543,23,28,1),(1544,23,29,1),(1545,23,30,1),(1546,23,31,0),(1547,23,32,0),(1548,23,33,0),(1549,23,34,0),(1550,23,35,0),(1551,23,36,0),(1552,23,37,0),(1553,23,38,0),(1554,23,39,0),(1555,23,40,0),(1556,23,41,0),(1557,23,42,0),(1558,23,43,0),(1559,23,44,0),(1560,23,45,0),(1561,23,46,0),(1562,23,47,0),(1563,23,48,0),(1564,23,49,0),(1565,23,50,0),(1566,23,51,0),(1567,23,52,0),(1568,23,53,0),(1569,23,54,0),(1570,23,55,0),(1571,23,56,0),(1572,23,57,0),(1573,23,58,0),(1574,23,59,0),(1575,23,60,0),(1576,23,61,0),(1577,23,62,0),(1578,23,63,0),(1579,23,64,0),(1580,23,65,0),(1581,23,66,0),(1582,23,67,0),(1583,23,68,0),(1584,23,69,0),(1585,23,70,0),(1586,23,71,0),(1587,23,72,0),(1588,23,73,0),(1589,23,74,0),(1590,23,75,0),(1591,23,76,0),(1592,23,77,0),(1593,23,78,0),(1594,23,79,0),(1595,23,80,0),(1596,24,1,1),(1597,24,2,1),(1598,24,3,1),(1599,24,4,1),(1600,24,5,1),(1601,24,6,1),(1602,24,7,1),(1603,24,8,1),(1604,24,9,1),(1605,24,10,1),(1606,24,11,1),(1607,24,12,1),(1608,24,13,1),(1609,24,14,1),(1610,24,15,1),(1611,24,16,1),(1612,24,17,1),(1613,24,18,1),(1614,24,19,1),(1615,24,20,1),(1616,24,21,0),(1617,24,22,0),(1618,24,23,0),(1619,24,24,0),(1620,24,25,0),(1621,24,26,0),(1622,24,27,0),(1623,24,28,0),(1624,24,29,0),(1625,24,30,0),(1626,24,31,0),(1627,24,32,0),(1628,24,33,0),(1629,24,34,0),(1630,24,35,0),(1631,24,36,0),(1632,24,37,0),(1633,24,38,0),(1634,24,39,0),(1635,24,40,0),(1636,24,41,0),(1637,24,42,0),(1638,24,43,0),(1639,24,44,0),(1640,24,45,0),(1641,24,46,0),(1642,24,47,0),(1643,24,48,0),(1644,24,49,0),(1645,24,50,0),(1646,24,51,0),(1647,24,52,0),(1648,24,53,0),(1649,24,54,0),(1650,24,55,0),(1651,24,56,0),(1652,24,57,0),(1653,24,58,0),(1654,24,59,0),(1655,24,60,0),(1656,25,1,1),(1657,25,2,1),(1658,25,3,1),(1659,25,4,1),(1660,25,5,1),(1661,25,6,1),(1662,25,7,1),(1663,25,8,1),(1664,25,9,1),(1665,25,10,1),(1666,25,11,1),(1667,25,12,1),(1668,25,13,1),(1669,25,14,1),(1670,25,15,1),(1671,25,16,0),(1672,25,17,0),(1673,25,18,0),(1674,25,19,0),(1675,25,20,0),(1676,25,21,0),(1677,25,22,0),(1678,25,23,0),(1679,25,24,0),(1680,25,25,0),(1681,25,26,0),(1682,25,27,0),(1683,25,28,0),(1684,25,29,0),(1685,25,30,0),(1686,25,31,0),(1687,25,32,0),(1688,25,33,0),(1689,25,34,0),(1690,25,35,0),(1691,25,36,0),(1692,25,37,0),(1693,25,38,0),(1694,25,39,0),(1695,25,40,0),(1696,26,1,1),(1697,26,2,1),(1698,26,3,1),(1699,26,4,1),(1700,26,5,1),(1701,26,6,1),(1702,26,7,1),(1703,26,8,1),(1704,26,9,1),(1705,26,10,1),(1706,26,11,0),(1707,26,12,0),(1708,26,13,0),(1709,26,14,0),(1710,26,15,0),(1711,26,16,0),(1712,26,17,0),(1713,26,18,0),(1714,26,19,0),(1715,26,20,0),(1716,26,21,0),(1717,26,22,0),(1718,26,23,0),(1719,26,24,0),(1720,26,25,0),(1721,26,26,0),(1722,26,27,0),(1723,26,28,0),(1724,26,29,0),(1725,26,30,0),(1726,26,31,0),(1727,26,32,0),(1728,26,33,0),(1729,26,34,0),(1730,26,35,0),(1731,26,36,0),(1732,26,37,0),(1733,26,38,0),(1734,26,39,0),(1735,26,40,0),(1736,26,41,0),(1737,26,42,0),(1738,26,43,0),(1739,26,44,0),(1740,26,45,0),(1741,26,46,0),(1742,26,47,0),(1743,26,48,0),(1744,26,49,0),(1745,26,50,0),(1746,26,51,0),(1747,26,52,0),(1748,26,53,0),(1749,26,54,0),(1750,26,55,0),(1751,26,56,0),(1752,26,57,0),(1753,26,58,0),(1754,26,59,0),(1755,26,60,0),(1756,26,61,0),(1757,26,62,0),(1758,26,63,0),(1759,26,64,0),(1760,26,65,0),(1761,26,66,0),(1762,26,67,0),(1763,26,68,0),(1764,26,69,0),(1765,26,70,0),(1766,27,1,1),(1767,27,2,1),(1768,27,3,1),(1769,27,4,1),(1770,27,5,1),(1771,27,6,1),(1772,27,7,1),(1773,27,8,1),(1774,27,9,1),(1775,27,10,1),(1776,27,11,1),(1777,27,12,1),(1778,27,13,1),(1779,27,14,1),(1780,27,15,1),(1781,27,16,1),(1782,27,17,1),(1783,27,18,1),(1784,27,19,1),(1785,27,20,1),(1786,27,21,0),(1787,27,22,0),(1788,27,23,0),(1789,27,24,0),(1790,27,25,0),(1791,27,26,0),(1792,27,27,0),(1793,27,28,0),(1794,27,29,0),(1795,27,30,0),(1796,27,31,0),(1797,27,32,0),(1798,27,33,0),(1799,27,34,0),(1800,27,35,0),(1801,27,36,0),(1802,27,37,0),(1803,27,38,0),(1804,27,39,0),(1805,27,40,0),(1806,27,41,0),(1807,27,42,0),(1808,27,43,0),(1809,27,44,0),(1810,27,45,0),(1811,27,46,0),(1812,27,47,0),(1813,27,48,0),(1814,27,49,0),(1815,27,50,0),(1816,27,51,0),(1817,27,52,0),(1818,27,53,0),(1819,27,54,0),(1820,27,55,0),(1821,27,56,0),(1822,27,57,0),(1823,27,58,0),(1824,27,59,0),(1825,27,60,0),(1826,27,61,0),(1827,27,62,0),(1828,27,63,0),(1829,27,64,0),(1830,27,65,0),(1831,27,66,0),(1832,27,67,0),(1833,27,68,0),(1834,27,69,0),(1835,27,70,0),(1836,27,71,0),(1837,27,72,0),(1838,27,73,0),(1839,27,74,0),(1840,27,75,0),(1841,27,76,0),(1842,27,77,0),(1843,27,78,0),(1844,27,79,0),(1845,27,80,0),(1846,27,81,0),(1847,27,82,0),(1848,27,83,0),(1849,27,84,0),(1850,27,85,0),(1851,27,86,0),(1852,27,87,0),(1853,27,88,0),(1854,27,89,0),(1855,27,90,0),(1856,27,91,0),(1857,27,92,0),(1858,27,93,0),(1859,27,94,0),(1860,27,95,0),(1861,27,96,0),(1862,27,97,0),(1863,27,98,0),(1864,27,99,0),(1865,27,100,0),(1866,27,101,0),(1867,27,102,0),(1868,27,103,0),(1869,27,104,0),(1870,27,105,0),(1871,27,106,0),(1872,27,107,0),(1873,27,108,0),(1874,27,109,0),(1875,27,110,0),(1876,27,111,0),(1877,27,112,0),(1878,27,113,0),(1879,27,114,0),(1880,27,115,0),(1881,27,116,0),(1882,27,117,0),(1883,27,118,0),(1884,27,119,0),(1885,27,120,0),(1886,28,1,1),(1887,28,2,1),(1888,28,3,1),(1889,28,4,1),(1890,28,5,1),(1891,28,6,1),(1892,28,7,1),(1893,28,8,1),(1894,28,9,1),(1895,28,10,1),(1896,28,11,1),(1897,28,12,1),(1898,28,13,1),(1899,28,14,1),(1900,28,15,1),(1901,28,16,1),(1902,28,17,1),(1903,28,18,1),(1904,28,19,1),(1905,28,20,1),(1906,28,21,1),(1907,28,22,1),(1908,28,23,1),(1909,28,24,1),(1910,28,25,1),(1911,28,26,1),(1912,28,27,1),(1913,28,28,1),(1914,28,29,1),(1915,28,30,1),(1916,28,31,0),(1917,28,32,0),(1918,28,33,0),(1919,28,34,0),(1920,28,35,0),(1921,28,36,0),(1922,28,37,0),(1923,28,38,0),(1924,28,39,0),(1925,28,40,0),(1926,28,41,0),(1927,28,42,0),(1928,28,43,0),(1929,28,44,0),(1930,28,45,0),(1931,28,46,0),(1932,28,47,0),(1933,28,48,0),(1934,28,49,0),(1935,28,50,0),(1936,28,51,0),(1937,28,52,0),(1938,28,53,0),(1939,28,54,0),(1940,28,55,0),(1941,28,56,0),(1942,28,57,0),(1943,28,58,0),(1944,28,59,0),(1945,28,60,0),(1946,28,61,0),(1947,28,62,0),(1948,28,63,0),(1949,28,64,0),(1950,28,65,0),(1951,28,66,0),(1952,28,67,0),(1953,28,68,0),(1954,28,69,0),(1955,28,70,0),(1956,28,71,0),(1957,28,72,0),(1958,28,73,0),(1959,28,74,0),(1960,28,75,0),(1961,28,76,0),(1962,28,77,0),(1963,28,78,0),(1964,28,79,0),(1965,28,80,0),(1966,29,1,1),(1967,29,2,1),(1968,29,3,1),(1969,29,4,1),(1970,29,5,1),(1971,29,6,1),(1972,29,7,1),(1973,29,8,1),(1974,29,9,1),(1975,29,10,1),(1976,29,11,0),(1977,29,12,0),(1978,29,13,0),(1979,29,14,0),(1980,29,15,0),(1981,29,16,0),(1982,29,17,0),(1983,29,18,0),(1984,29,19,0),(1985,29,20,0),(1986,29,21,0),(1987,29,22,0),(1988,29,23,0),(1989,29,24,0),(1990,29,25,0),(1991,29,26,0),(1992,29,27,0),(1993,29,28,0),(1994,29,29,0),(1995,29,30,0),(1996,29,31,0),(1997,29,32,0),(1998,29,33,0),(1999,29,34,0),(2000,29,35,0),(2001,30,1,1),(2002,30,2,1),(2003,30,3,1),(2004,30,4,1),(2005,30,5,1),(2006,30,6,0),(2007,30,7,0),(2008,30,8,0),(2009,30,9,0),(2010,30,10,0),(2011,30,11,0),(2012,30,12,0),(2013,30,13,0),(2014,30,14,0),(2015,30,15,0),(2016,30,16,0),(2017,30,17,0),(2018,30,18,0),(2019,30,19,0),(2020,30,20,0),(2021,30,21,0),(2022,30,22,0),(2023,30,23,0),(2024,30,24,0),(2025,30,25,0);
/*!40000 ALTER TABLE `parking_spots` ENABLE KEYS */;
UNLOCK TABLES;

--
-- Table structure for table `users`
--

DROP TABLE IF EXISTS `users`;
/*!40101 SET @saved_cs_client     = @@character_set_client */;
/*!50503 SET character_set_client = utf8mb4 */;
CREATE TABLE `users` (
  `user_id` int NOT NULL AUTO_INCREMENT,
  `name` varchar(100) NOT NULL,
  `email` varchar(150) NOT NULL,
  `password_hash` varchar(255) NOT NULL,
  `role` enum('driver','admin') DEFAULT 'driver',
  `created_at` timestamp NULL DEFAULT CURRENT_TIMESTAMP,
  PRIMARY KEY (`user_id`),
  UNIQUE KEY `email` (`email`)
) ENGINE=InnoDB AUTO_INCREMENT=11 DEFAULT CHARSET=utf8mb4 COLLATE=utf8mb4_0900_ai_ci;
/*!40101 SET character_set_client = @saved_cs_client */;

--
-- Dumping data for table `users`
--

LOCK TABLES `users` WRITE;
/*!40000 ALTER TABLE `users` DISABLE KEYS */;
INSERT INTO `users` VALUES (1,'Alice Johnson','alice@example.com','$2b$12$6O66b.Wxiw3VNjPui7UfxeZn6473njODfy5B5W37fDjqiQd29Ojjq','driver','2025-10-30 11:58:17'),(2,'Bob Kumar','bob@example.com','$2b$12$QxHXXY.rBmTKur5EZbLb7.SIlF5sCuLCauPHzq6VEZtTS9ho0c1Uy','driver','2025-10-30 11:58:17'),(3,'Charlie Rao','charlie@example.com','$2b$12$GybTanISV7bNnZEhqevvJeToifSBqVl4kWqSY0aPREmh4aiPEM8py','driver','2025-10-30 11:58:18'),(4,'Deepa Singh','deepa@example.com','$2b$12$wkRWr/fGuaB1d.17wV4CGO1F7Qy6ipSdTHrI7sHbDdf/dthMkPjvW','driver','2025-10-30 11:58:18'),(5,'Esha Patel','esha@example.com','$2b$12$yNAjPQPPJ9eF/ex1DnQR4.JPXEVLDZjmTJj2dRux3YUiZOudEsLba','driver','2025-10-30 11:58:18'),(6,'Farhan Ali','farhan@example.com','$2b$12$GBAbhNckjBwoqJ29C8PWp.zenFXkMw0unHjn9VeAuP19z7aYs3SUq','driver','2025-10-30 11:58:18'),(7,'Gita Menon','gita@example.com','$2b$12$7zgsKbhzAQX8T4NFG4GgLOYRCHlsCTE5XrSv37NNTJ.8CsSugst1u','driver','2025-10-30 11:58:18'),(8,'Hemanth R','hemanth@example.com','$2b$12$ptVxLUKejmUGP6IMnJBb6e0IT/wBIS2cm.hBUwI.8ruyNmH6oIc8i','driver','2025-10-30 11:58:19'),(9,'Isha Verma','isha@example.com','$2b$12$hpGUhR0nj/z8zntBSzw2cuhSxDRqTWNYcTFd2LErFvBxcn27edUU2','driver','2025-10-30 11:58:19'),(10,'Jatin Sharma','jatin@example.com','$2b$12$.lwzl36oVpXmkCAlbMYiyOpmgZvrs7qvqkeuGH1zD13EVAe4wIFdi','driver','2025-10-30 11:58:19');
/*!40000 ALTER TABLE `users` ENABLE KEYS */;
UNLOCK TABLES;

--
-- Table structure for table `vehicles`
--

DROP TABLE IF EXISTS `vehicles`;
/*!40101 SET @saved_cs_client     = @@character_set_client */;
/*!50503 SET character_set_client = utf8mb4 */;
CREATE TABLE `vehicles` (
  `vehicle_id` int NOT NULL AUTO_INCREMENT,
  `user_id` int NOT NULL,
  `license_plate` varchar(30) NOT NULL,
  `vehicle_type` enum('car','bike','scooter','truck') DEFAULT 'car',
  `created_at` timestamp NULL DEFAULT CURRENT_TIMESTAMP,
  PRIMARY KEY (`vehicle_id`),
  KEY `user_id` (`user_id`),
  CONSTRAINT `vehicles_ibfk_1` FOREIGN KEY (`user_id`) REFERENCES `users` (`user_id`) ON DELETE CASCADE
) ENGINE=InnoDB AUTO_INCREMENT=11 DEFAULT CHARSET=utf8mb4 COLLATE=utf8mb4_0900_ai_ci;
/*!40101 SET character_set_client = @saved_cs_client */;

--
-- Dumping data for table `vehicles`
--

LOCK TABLES `vehicles` WRITE;
/*!40000 ALTER TABLE `vehicles` DISABLE KEYS */;
INSERT INTO `vehicles` VALUES (1,1,'KA01AB1234','car','2025-10-30 11:58:17'),(2,2,'KA02CD5678','car','2025-10-30 11:58:17'),(3,3,'KA03EF9012','bike','2025-10-30 11:58:18'),(4,4,'KA05GH3456','car','2025-10-30 11:58:18'),(5,5,'KA06IJ7890','scooter','2025-10-30 11:58:18'),(6,6,'KA07KL2345','car','2025-10-30 11:58:18'),(7,7,'KA08MN6789','car','2025-10-30 11:58:18'),(8,8,'KA09OP0123','bike','2025-10-30 11:58:19'),(9,9,'KA10QR4567','car','2025-10-30 11:58:19'),(10,10,'KA11ST8901','car','2025-10-30 11:58:19');
/*!40000 ALTER TABLE `vehicles` ENABLE KEYS */;
UNLOCK TABLES;
/*!40103 SET TIME_ZONE=@OLD_TIME_ZONE */;

/*!40101 SET SQL_MODE=@OLD_SQL_MODE */;
/*!40014 SET FOREIGN_KEY_CHECKS=@OLD_FOREIGN_KEY_CHECKS */;
/*!40014 SET UNIQUE_CHECKS=@OLD_UNIQUE_CHECKS */;
/*!40101 SET CHARACTER_SET_CLIENT=@OLD_CHARACTER_SET_CLIENT */;
/*!40101 SET CHARACTER_SET_RESULTS=@OLD_CHARACTER_SET_RESULTS */;
/*!40101 SET COLLATION_CONNECTION=@OLD_COLLATION_CONNECTION */;
/*!40111 SET SQL_NOTES=@OLD_SQL_NOTES */;

-- Dump completed on 2025-10-30 18:25:46
